joint_3_position,joint_5_position,joint_2_position,joint_1_position,polaris_position_y,polaris_position_x,polaris_position_z,joint_0_position,joint_4_position,arm_position_z,arm_position_y,arm_position_x
1.0180446756173656,0.82024225516805005,0.071316690640000013,-0.65637051244608957,0.050779014825820923,-0.37402257323265076,0.29386329650878906,-0.78608925653443862,-0.59792132297356737,-0.03732525087263678,0.0407215149279085,-0.03120666932202014
1.0784353793409087,0.82938877167934633,0.099625071660000009,-0.70105424485635259,0.029251936823129654,-0.369972825050354,0.27491846680641174,-0.69092201932537001,-0.51197696462110531,-0.05561057517481658,0.060925880773348394,-0.04088633549366314
1.0759191000190946,0.82908550464746955,0.12992714670000002,-0.69682990997415173,0.0059362747706472874,-0.36024627089500427,0.25905567407608032,-0.69710020562474961,-0.51621269611383402,-0.07336258236713773,0.08008951660341351,-0.0562736573112587
1.0761287899625789,0.82908550464746955,0.15986755683000001,-0.69684535543990023,-0.01796613447368145,-0.35105502605438232,0.24325397610664368,-0.69701525556313315,-0.51621269611383402,-0.09097227900478,0.09930619757712505,-0.07100554820633824
1.0759191000190946,0.82886266884007676,0.18987667033000002,-0.69684535543990023,-0.040793750435113907,-0.3421788215637207,0.22680336236953735,-0.69697664189876196,-0.51593942311430319,-0.10862046947352427,0.11856681710878052,-0.08577658193603446
1.0759191000190946,0.82886266884007676,0.21986374690000002,-0.69686080090564861,-0.064189933240413666,-0.33290573954582214,0.21083717048168182,-0.69697664189876196,-0.51593942311430319,-0.12625201743334605,0.13781514974540204,-0.10053642619618404
1.1920873287095208,0.6159561873259769,0.22035244823000003,-0.488833545472663,-0.03963320329785347,-0.29776737093925476,0.20524503290653229,-0.70169523168491321,-0.59751141347427106,-0.14552932414738545,0.10135573386252973,-0.1167708604798186
1.1954423678052735,0.61401768213707997,0.19007111383000003,-0.48857097255493936,-0.018771031871438026,-0.31237590312957764,0.2219698429107666,-0.69786475617929777,-0.59573513897732033,-0.12551872931686384,0.08707862455142612,-0.09906415628435865
1.1954423678052735,0.61409936087722061,0.16008014839000001,-0.48849374522619715,0.00087915756739675999,-0.32659792900085449,0.23885245621204376,-0.69777208338480712,-0.59573513897732033,-0.10523896616130111,0.07299241313903224,-0.08204114770973747
1.1954423678052735,0.6138543246567989,0.13005677570000002,-0.48845513156182602,0.020626561716198921,-0.34075042605400085,0.25592920184135437,-0.69776436065193292,-0.59573513897732033,-0.08492579700197546,0.058898331304949855,-0.0650078697809617
1.1954423678052735,0.6137429067531025,0.10007099542000002,-0.48841651789745488,0.040916115045547485,-0.35503405332565308,0.27275881171226501,-0.69775663791905862,-0.59559850247755497,-0.06463696178182718,0.044823930541219595,-0.04799677872859014
1.1954423678052735,0.61369096717651783,0.070078733690000006,-0.48840107243170644,0.061314776539802551,-0.36965170502662659,0.28906118869781494,-0.69773346972043604,-0.59573513897732033,-0.04434259256936407,0.030749793676376064,-0.030977996079604924
1.3315311411267297,0.37901775200108007,0.07028095493,-0.2877721950922279,0.069876164197921753,-0.3608124852180481,0.28989720344543457,-0.70937935089476656,-0.66623957285628765,-0.04826093507479939,0.01882804746330965,-0.03422826182406344
1.3430640880183784,0.36674166137420605,0.099903774010000015,-0.2802039168754879,0.055344711989164352,-0.34264165163040161,0.27212005853652954,-0.69755584686432881,-0.65899783836871928,-0.07061096636787537,0.026513277848029322,-0.0520972194879908
1.3434834679053476,0.36631860601100119,0.12988825800000001,-0.28001084855363229,0.039794255048036575,-0.3240223228931427,0.25496461987495422,-0.69775663791905862,-0.65968102086754643,-0.09268711687928206,0.034780991821599834,-0.07062307933976962
1.3439028477923167,0.36615524853072012,0.15989089005000001,-0.27988728482764469,0.024253193289041519,-0.30504140257835388,0.238005131483078,-0.6978184197820525,-0.65968102086754643,-0.1147817057683584,0.043052671187246254,-0.08915940816341837
1.3434834679053476,0.3658880118972696,0.18986630001000002,-0.27984094843039931,0.0081753861159086227,-0.28612825274467468,0.22142650187015533,-0.69782614251492669,-0.65995429386707738,-0.13685668170930831,0.051327533597084765,-0.10767053562943413
1.3434834679053476,0.365642975676848,0.21986374690000002,-0.27979461203315398,-0.007403083611279726,-0.26714828610420227,0.20464982092380524,-0.69782614251492669,-0.65995429386707738,-0.15894996986031762,0.05960361717041575,-0.1261973663592616
1.5095579031450908,0.10437524856218311,0.22005559782000003,-0.073906553606328557,0.028427461162209511,-0.24153116345405579,0.20910565555095673,-0.69910039343917374,-0.68782813981922719,-0.16512570417019873,0.01596939000514613,-0.1312950418565315
1.5124935623538742,0.09931828958544292,0.19007629899000003,-0.071188151634601529,0.039300117641687393,-0.26423338055610657,0.2250407487154007,-0.69815049729564416,-0.68673504782110373,-0.14237747865818712,0.013246703510719512,-0.1119536237105397
1.5124935623538742,0.099021313788436649,0.16006588920000001,-0.070987360579871692,0.049877744168043137,-0.28654086589813232,0.24186724424362183,-0.69803465630253081,-0.6868716843208692,-0.11945915288934376,0.011081673074809877,-0.09269817230006554
1.5120741824669053,0.099102992528577238,0.13007233118,-0.070894687785380994,0.060766115784645081,-0.30898937582969666,0.25818884372711182,-0.69803465630253081,-0.6868716843208692,-0.09653910399170894,0.00894536724083647,-0.07347008592950151
1.5122838724103895,0.099051052951992347,0.10007877316000001,-0.070825183189512975,0.071024514734745026,-0.33228015899658203,0.27350303530693054,-0.69801148810390812,-0.68700832082063457,-0.0736202327870297,0.006813106452514738,-0.05423869770972478
1.5120741824669053,0.098724337991430211,0.070072252240000008,-0.070802014990890311,0.082257680594921112,-0.35412171483039856,0.29068589210510254,-0.69801148810390812,-0.68700832082063457,-0.05068912700005021,0.004689339693609839,-0.03500214838424632
1.675212958497865,-0.15448771103339198,0.070019104350000014,0.12380313070669312,0.093849398195743561,-0.34924659132957458,0.29371315240859985,-0.69727010574798254,-0.68509540982391837,-0.050379457615162285,-0.008185551943738854,-0.034728948906875355
1.686326525502545,-0.17070533408438537,0.09991414433000001,0.13745692242832205,0.089582964777946472,-0.32399514317512512,0.27864652872085571,-0.6975790150629515,-0.68263595282814049,-0.07296292443775994,-0.013175773918279746,-0.053713530398966716
1.6871652852764829,-0.17139604191959268,0.1299012209,0.13772721807891991,0.08419366180896759,-0.29879343509674072,0.26377055048942566,-0.69767168785744216,-0.6820894068290787,-0.09571708824313079,-0.017321821283000853,-0.0728052326190178
1.6871652852764829,-0.17147772065973327,0.15988959376,0.13788167273640439,0.079071603715419769,-0.27348905801773071,0.24880929291248322,-0.69771802425468754,-0.6820894068290787,-0.11847404509757428,-0.021462023709713056,-0.091891671146044
1.6867459053895137,-0.17155939939987386,0.18988704065000001,0.13795890006514663,0.073657356202602386,-0.24845536053180695,0.23361048102378845,-0.69771802425468754,-0.6820894068290787,-0.1412422309021793,-0.025596417908332666,-0.11097989650111119
1.6871652852764829,-0.1718861143604361,0.21986893206000002,0.13801295919526621,0.068339519202709198,-0.22286133468151093,0.21917672455310822,-0.69773346972043604,-0.6820894068290787,-0.16399577779046956,-0.029733147289688174,-0.13006079368636106
1.8471587121551749,-0.42864923682300671,0.21981448788000002,0.34429487699867711,0.1091933399438858,-0.21265454590320587,0.23333345353603363,-0.69571011370738922,-0.64697382638936052,-0.1557970081831911,-0.07278808681288686,-0.12321179441462844
1.8500943713639584,-0.43472320275696424,0.19007759528000001,0.34669664692256091,0.10933076590299606,-0.23899485170841217,0.24646449089050293,-0.69722376935073715,-0.64683718988959504,-0.13402819897940985,-0.06317505174813735,-0.10537842465483124
1.8503040613074428,-0.43488656023724542,0.16005940775000002,0.34693605164166186,0.10864380747079849,-0.26585403084754944,0.2596265971660614,-0.69731644214522792,-0.64683718988959504,-0.11236627862821806,-0.05301026622478607,-0.08725313973965641
1.8503040613074428,-0.43488656023724542,0.13007751634,0.34709822903202059,0.10818841308355331,-0.29309836030006409,0.27202215790748596,-0.697355055809599,-0.64683718988959504,-0.090744385860545,-0.04283446970285081,-0.06914611145280458
1.8503040613074428,-0.43480488149710478,0.10007747687000002,0.34715228816214017,0.10757832229137421,-0.31981566548347473,0.28536233305931091,-0.6973705012753475,-0.64683718988959504,-0.06911723171755922,-0.03263407992633925,-0.051029241727087844
1.8503040613074428,-0.43480488149710478,0.070080029980000014,0.34717545636076286,0.1071016788482666,-0.34719008207321167,0.2976495623588562,-0.69736277854247319,-0.64683718988959504,-0.04749464530750925,-0.02242974460737814,-0.03291332274172305
1.6739548188369582,-0.38735002979887134,0.068727999510000012,0.36636644755321074,0.11715774238109589,-0.3603648841381073,0.28483524918556213,-0.28161717699147099,-0.26931054103768315,-0.05609904965195004,-0.022406713765373332,-0.01372244108199489
1.6894718746548125,-0.36371898459483759,0.10003469930000002,0.3484342618192614,0.11890703439712524,-0.33565321564674377,0.26509895920753479,-0.33743709020636575,-0.30920839896919172,-0.0833784127941962,-0.032095722250729264,-0.026339404506287446
1.6877943551069365,-0.36683073130925814,0.12989733203000001,0.34858871647674594,0.12470369786024094,-0.31462129950523376,0.24460591375827789,-0.33237870017374865,-0.30729548797247558,-0.11003802303730906,-0.042304997614478125,-0.03509091976402216
1.6882137349939055,-0.36671931340556174,0.15989607521000002,0.3486813892712366,0.12922810018062592,-0.2935059666633606,0.22451190650463104,-0.33246365023536512,-0.307432124472241,-0.13668068969032543,-0.05256600969188403,-0.04429926197159456
1.6877943551069365,-0.36660789550186534,0.18988185549000003,0.34868911200411085,0.13521943986415863,-0.27163869142532349,0.20443359017372131,-0.33246365023536512,-0.30756876097200642,-0.16331889857921414,-0.06281106368566024,-0.053495402317596905
1.6877943551069365,-0.36683073130925814,0.21986374690000002,0.34869683473698504,0.14002102613449097,-0.25044935941696167,0.18443158268928528,-0.33247137296823936,-0.30729548797247558,-0.18995258901319298,-0.07305629785461572,-0.06269549504943273
1.6190160536440124,-0.15659053952114277,0.21992596882000001,0.14056918377663452,0.10129335522651672,-0.26324218511581421,0.16723181307315826,-0.33300424153656089,-0.33093360243189679,-0.20019718119679666,-0.02997357099456942,-0.06611756772403105
1.6185966737570436,-0.15619722332149402,0.19009833592000003,0.14019076986579754,0.10159945487976074,-0.28279483318328857,0.18932893872261047,-0.33267988675584342,-0.33011378343330416,-0.17231333760154677,-0.02572480583729552,-0.05641997533951793
1.6185966737570436,-0.15606360500476871,0.16008403726000001,0.14008265160555838,0.10150095820426941,-0.30237922072410583,0.21212603151798248,-0.33262582762572385,-0.32997714693353869,-0.14422769625580767,-0.02151456943611223,-0.04670845976647017
1.6185966737570436,-0.1559299866880435,0.13008010892000002,0.14003631520831303,0.10222375392913818,-0.32170340418815613,0.23450234532356262,-0.3326335503585981,-0.32984051043377322,-0.11614655586828133,-0.017319735175325413,-0.03700986360135596
1.6185966737570436,-0.1559299866880435,0.10007618058000001,0.14001314700969036,0.10246662050485611,-0.34132486581802368,0.25704064965248108,-0.33262582762572385,-0.32984051043377322,-0.0880653317815782,-0.013129788695349835,-0.02730800397901356
1.6185966737570436,-0.1559299866880435,0.070080029980000014,0.14000542427681614,0.10314180701971054,-0.36057889461517334,0.27972263097763062,-0.33261810489284965,-0.32984051043377322,-0.05999092341372103,-0.008943268712195113,-0.01760898433038975
1.5475117829157896,0.062561059026512683,0.070004845160000009,-0.066029366074619553,0.091844454407691956,-0.36516332626342773,0.27701553702354431,-0.33275711408458569,-0.3313435119311931,-0.0603861903467848,0.004226483662628556,-0.017738375111854006
1.5468827130853362,0.065041160394285424,0.099918033200000006,-0.068168563080779745,0.085333436727523804,-0.34911930561065674,0.25259599089622498,-0.33264899582434654,-0.33148014843095852,-0.08858702027467805,0.006400488555069826,-0.027472900595207458
1.546463333198367,0.065308397027735915,0.12989733203000001,-0.068299849539641563,0.079720288515090942,-0.33206403255462646,0.22904565930366516,-0.3326103821599754,-0.33120687543142763,-0.11685738795640793,0.008459995793570563,-0.03723734849438816
1.5468827130853362,0.065471754508017038,0.15987533457000003,-0.068361631402635362,0.073090799152851105,-0.31574559211730957,0.20500820875167847,-0.33258721396135271,-0.33120687543142763,-0.14512692338405647,0.01051419234010325,-0.04699900705172329
1.5468827130853362,0.065471754508017038,0.18986111485000001,-0.068400245067006482,0.067693419754505157,-0.29909819364547729,0.18070422112941742,-0.33258721396135271,-0.33120687543142763,-0.17340287622102324,0.012569627295113399,-0.05676591931376107
1.5468827130853362,0.065278657864180106,0.21985596916000003,-0.068431135998503381,0.062970302999019623,-0.28215223550796509,0.15665295720100403,-0.33259493669422696,-0.33107023893166215,-0.20168682806272695,0.014626352709898607,-0.0665385732666168
1.476426892074536,0.2864475294710076,0.21988967270000001,-0.27691403267106823,0.025605430826544762,-0.30609989166259766,0.15370357036590576,-0.33225513644776106,-0.32273541244597032,-0.19447420922470293,0.058472203802399675,-0.06406225528881254
1.4762172021310513,0.28714577605674196,0.19008537302000003,-0.27715343739016918,0.035645075142383575,-0.31930875778198242,0.17800106108188629,-0.33243275930386823,-0.32369186794432842,-0.16735193954605843,0.050366666269035104,-0.05472837010736408
1.4760075121875669,0.28739081227716368,0.16007366694000003,-0.27724611018465989,0.047015722841024399,-0.33240976929664612,0.20264576375484467,-0.33244820476961667,-0.32369186794432842,-0.1400613600165163,0.04216901326131334,-0.045309003104097335
1.4760075121875669,0.28739081227716368,0.13004510909,-0.27725383291753414,0.057776827365159988,-0.34570032358169556,0.22684979438781738,-0.33245592750249092,-0.32369186794432842,-0.11276036789348949,0.033950765345374154,-0.03588407017857075
1.476426892074536,0.28739081227716368,0.10005673623000001,-0.27726927838328258,0.068822368979454041,-0.3588891327381134,0.25131556391716003,-0.33244820476961667,-0.32369186794432842,-0.08549674620299956,0.025742599558636066,-0.026469985441274678
1.4760075121875669,0.28739081227716368,0.070056696760000009,-0.27728472384903102,0.08036407083272934,-0.37193048000335693,0.27569636702537537,-0.33245592750249092,-0.32369186794432842,-0.05822164859550859,0.017532673653030344,-0.017053642697522194
1.4133102190856941,0.49858988752421618,0.069978919360000003,-0.48495673356980229,0.070356763899326324,-0.38003134727478027,0.27601200342178345,-0.32753654666160992,-0.29732102348959843,-0.05350192566389139,0.0297759555823625,-0.015397577250030912
1.4103745598769108,0.50258543871768102,0.099919329490000014,-0.48600702524069683,0.054021868854761124,-0.37082895636558533,0.2527431845664978,-0.33223969098201261,-0.29991711698514179,-0.07842109834131442,0.043826355720722604,-0.024249696258288003
1.4103745598769108,0.50247402081398473,0.12988436913000001,-0.48617692536392976,0.039007939398288727,-0.36155807971954346,0.22903496026992798,-0.33213157272177352,-0.29978048048537637,-0.10346168219133323,0.05784153695555826,-0.03287815515184526
1.4103745598769108,0.50249622122701343,0.1598714457,-0.48628504362416891,0.023282062262296677,-0.35249572992324829,0.20539394021034241,-0.33208523632452813,-0.29950720748584542,-0.12851969061790475,0.07186768025718944,-0.04151662883328905
1.4103745598769108,0.50265957870729461,0.18985592969000001,-0.48631593455566585,0.0077058724127709866,-0.34316006302833557,0.18222109973430634,-0.33209295905740238,-0.29950720748584542,-0.1535770095835305,0.08588586103118111,-0.05015902276045647
1.4107939397638798,0.50265957870729461,0.21987022835000003,-0.48635454822003693,-0.0073381811380386353,-0.3339066207408905,0.15867295861244202,-0.33210068179027658,-0.29950720748584542,-0.17865811401728163,0.09992008460384401,-0.058809862614652
1.3545970349100274,0.71540722330860018,0.21987541351000003,-0.69575645010463449,-0.037577558308839798,-0.36452266573905945,0.16906541585922241,-0.33027811683195962,-0.26111235105175667,-0.15514270942636038,0.1369561434392631,-0.05076216020299132
1.3529195153621512,0.71596431282708228,0.19010092850000002,-0.69588001383062215,-0.018057778477668762,-0.3689839243888855,0.19136714935302734,-0.33177632700955917,-0.26179553355058388,-0.13344246079504815,0.11789188250623119,-0.043539614684546916
1.3529195153621512,0.71612767030736346,0.16007107436000001,-0.69604991395385507,0.001738012651912868,-0.3735489547252655,0.21332870423793793,-0.33185355433830138,-0.26179553355058388,-0.11163315794846744,0.09866075462087757,-0.03603574359124755
1.3529195153621512,0.71612767030736346,0.13006066457000001,-0.69611941854972303,0.021043082699179649,-0.37825325131416321,0.23526827991008759,-0.33187672253692407,-0.26179553355058388,-0.08985286366069362,0.07942469851179364,-0.02853271408070397
1.3529195153621512,0.71604599156722282,0.10006969913000001,-0.69615803221409422,0.040201906114816666,-0.38261723518371582,0.25758087635040283,-0.33187672253692407,-0.26179553355058388,-0.06809483704103661,0.06019591698826618,-0.021034484375538287
1.3529195153621512,0.71612767030736346,0.070064474500000001,-0.69617347767984261,0.060624148696660995,-0.38702437281608582,0.27951878309249878,-0.33187672253692407,-0.26179553355058388,-0.04632724747361955,0.04095499337988621,-0.01353295909673367
1.6328555899139912,0.69886311333754092,0.06983114230000001,-0.70256790049970053,0.069119654595851898,-0.40388953685760498,0.27229228615760803,0.091946857600517018,0.062579516892571727,-0.048144975951915206,0.04093889595870112,0.0038690922283398247
1.5896594615561792,0.7034688874851418,0.099919329490000014,-0.69808099269977608,0.052618943154811859,-0.40212610363960266,0.24728588759899139,0.026960060463917763,0.028283755451446173,-0.07154119943280617,0.0600468008130623,0.001672123256140915
1.593643570482385,0.7010105706918458,0.12989733203000001,-0.69794970624091424,0.036813639104366302,-0.40395194292068481,0.22271616756916046,0.033030128503058226,0.030196666448162338,-0.09449226808101689,0.07930356143746331,0.0028477820314682075
1.5932241905954163,0.7010105706918458,0.15988051973,-0.69786475617929777,0.022021554410457611,-0.40576326847076416,0.19694229960441589,0.032937455708567535,0.030196666448162338,-0.11746040263755136,0.09856221611113401,0.00359588392969776
1.5930145006519314,0.7010105706918458,0.18986630001000002,-0.69786475617929777,0.0068311970680952072,-0.40759634971618652,0.17162610590457916,0.032922010242819086,0.030196666448162338,-0.14042355641489973,0.11783061188706027,0.004350417455389915
1.5934338805389006,0.70084721321156462,0.21986893206000002,-0.69786475617929777,-0.0089766094461083412,-0.40904170274734497,0.14668887853622437,0.032922010242819086,0.030196666448162338,-0.16339944863631203,0.13710996875265066,0.005107190486237661
1.5871431822343647,0.49674503990859259,0.21991041334000003,-0.48877176360966923,0.024410491809248924,-0.38528507947921753,0.13117741048336029,0.032929732975693307,0.036891854936668925,-0.18832270873195692,0.10020774275201914,0.005868607971808168
1.5871431822343647,0.49647780327514207,0.19011259511000003,-0.48874087267817234,0.035224806517362595,-0.38688787817955017,0.15883724391460419,0.032914287509944858,0.036618581937138045,-0.16203098450219114,0.08621132372379356,0.005002399688548787
1.5871431822343647,0.49623276705472041,0.16008792613,-0.4887099817466754,0.046073999255895615,-0.38885533809661865,0.1861373633146286,0.032914287509944858,0.036618581937138045,-0.13553810115659842,0.07211001872988362,0.004129992861524883
1.5871431822343647,0.49615108831457988,0.13003344248000001,-0.4887099817466754,0.056143108755350113,-0.3905479907989502,0.21428810060024261,0.032922010242819086,0.036618581937138045,-0.10901622080017313,0.05799972373464127,0.0032574738986625375
1.5871431822343647,0.49606940957443924,0.10006321768000001,-0.48867909081517852,0.067521311342716217,-0.39211755990982056,0.24212546646595001,0.032922010242819086,0.036618581937138045,-0.08257008355241836,0.04392643578009208,0.0023864019559228945
1.5871431822343647,0.49601746999785468,0.070059289340000011,-0.48867136808230432,0.078658692538738251,-0.39393654465675354,0.26950362324714661,0.032906564777070636,0.036481945437372598,-0.056092675632529954,0.029840264436680527,0.0015146759541925135
1.5806427939863446,0.29016318107640016,0.070026882090000006,-0.27942392085519119,0.089258067309856415,-0.38762012124061584,0.26797890663146973,0.033068742167429353,0.042220678427521099,-0.0610333699616593,0.01752246144286408,0.0016350050797054481
1.5806427939863446,0.28995542277006131,0.099902477720000007,-0.27941619812231699,0.083640396595001221,-0.38255903124809265,0.23918625712394714,0.033006960304435555,0.04167413242845934,-0.08973489947219285,0.025761631928567286,0.0025840026213063954
1.5802234140993754,0.2897103865496396,0.12989214687,-0.27940847538944275,0.077853783965110779,-0.37723630666732788,0.21061897277832031,0.033006960304435555,0.04167413242845934,-0.11854603905953846,0.03403165597749597,0.0035354206713434804
1.5802234140993754,0.2897103865496396,0.15988829747000002,-0.2793930299236943,0.071766704320907593,-0.37189054489135742,0.18243408203125,0.032999237571561327,0.04167413242845934,-0.14736385031171453,0.042302036495615356,0.004485921374509072
1.5802234140993754,0.2896065073964702,0.18986630001000002,-0.27940075265656855,0.066227033734321594,-0.36673182249069214,0.15339754521846771,0.032999237571561327,0.041400859428928453,-0.17616330746134767,0.05057061109570841,0.005439218402586546
1.5802234140993754,0.28944314991618908,0.21986374690000002,-0.2793930299236943,0.061759855598211288,-0.36142897605895996,0.12448573857545853,0.032991514838687105,0.041400859428928453,-0.20498225109621077,0.05884181979791282,0.006389088239866413
1.5730939560209016,0.078689799940509647,0.21992726511000002,-0.070663005799154258,0.099063470959663391,-0.3397463858127594,0.12571002542972565,0.032983792105812884,0.041127586429397574,-0.21278336795630182,0.015069960515129705,0.006647406308894926
1.5730939560209016,0.078333345816391578,0.19010481737000001,-0.070632114867657372,0.09989282488822937,-0.34782618284225464,0.15427702665328979,0.032976069372938656,0.041264222929163021,-0.18305197026355213,0.012958602660095301,0.005663628842022578
1.5730939560209016,0.078333345816391578,0.16008403726000001,-0.070601223936160473,0.10005328804254532,-0.35624143481254578,0.18296203017234802,0.032976069372938656,0.041264222929163021,-0.15312267073897792,0.010835091847589127,0.00467621022916461
1.5730939560209016,0.078251667076251016,0.13005677570000002,-0.070585778470412017,0.10012512654066086,-0.3649192750453949,0.21115997433662415,0.032976069372938656,0.041264222929163021,-0.12318664397713565,0.008714877621185405,0.0036885696732810083
1.5730939560209016,0.078251667076251016,0.10006710655000001,-0.070570333004663574,0.1000722199678421,-0.37340566515922546,0.24010105431079865,0.032976069372938656,0.041264222929163021,-0.09328803023875283,0.006598239497951987,0.002702163436820647
1.5730939560209016,0.078169988336110455,0.070064474500000001,-0.070547164806040896,0.10083217173814774,-0.38149988651275635,0.26860061287879944,0.032976069372938656,0.041264222929163021,-0.06337646216313812,0.004481121981000426,0.001715329814691287
1.5659644979424279,-0.13159567800735522,0.070035956120000006,0.13839909583897744,0.11283659189939499,-0.37626007199287415,0.27150788903236389,0.032914287509944858,0.040581040430335814,-0.06289886243759317,-0.008765776200477398,0.00170190196352174
1.5659644979424279,-0.13151399926721466,0.099903774010000015,0.1384454322362228,0.11740521341562271,-0.36493852734565735,0.24501346051692963,0.032945178441441757,0.040581040430335814,-0.09246439738162754,-0.012890449111251985,0.00267834980015674
1.5659644979424279,-0.1314323205270741,0.12989733203000001,0.13849176863346813,0.12206801027059555,-0.35389542579650879,0.21780401468276978,0.032937455708567535,0.040581040430335814,-0.12215409988108417,-0.017035221347881477,0.0036560012646904947
1.5659644979424279,-0.13159567800735522,0.15989218634000002,0.13853038229783926,0.12735633552074432,-0.34257084131240845,0.19066400825977325,0.032937455708567535,0.040581040430335814,-0.1518448446057337,-0.021181752330379756,0.004634401833159353
1.5659644979424279,-0.13175903548763634,0.18987537404000002,0.13853810503071348,0.13228042423725128,-0.33151942491531372,0.16322129964828491,0.032937455708567535,0.040581040430335814,-0.18152450282170218,-0.025323355977373327,0.005612437067363399
1.5659644979424279,-0.13175903548763634,0.21986633948000003,0.13855355049646192,0.13793016970157623,-0.32014209032058716,0.13596685230731964,0.032945178441441757,0.040581040430335814,-0.21121151779887865,-0.029468124314313483,0.0065923475370723095
1.5590447298074386,-0.33957195081825553,0.21993893172000001,0.34732991101824734,0.17491678893566132,-0.30387136340141296,0.15505221486091614,0.032929732975693307,0.040307767430804928,-0.20058851243602618,-0.07265293093255444,0.006241610752253455
1.5590447298074386,-0.33975750871156546,0.19009833592000003,0.347422583812738,0.16442342102527618,-0.31768682599067688,0.17926444113254547,0.032945178441441757,0.040034494431274048,-0.1725391780866711,-0.06251164601620131,0.0053226701244304215
1.5590447298074386,-0.33975750871156546,0.16005811146000001,0.34744575201136069,0.15413971245288849,-0.33117306232452393,0.20380854606628418,0.032945178441441757,0.040034494431274048,-0.14430783779599843,-0.05228713372534008,0.004392143122011139
1.5590447298074386,-0.34000254493198717,0.13006844231,0.34749208840860601,0.14451836049556732,-0.34456101059913635,0.22819480299949646,0.032945178441441757,0.040034494431274048,-0.11612350500430724,-0.04208121906446305,0.0034631655234341157
1.5586253499204696,-0.34013616324871243,0.10007877316000001,0.34750753387435451,0.13301025331020355,-0.35866430401802063,0.25264221429824829,0.032945178441441757,0.039897857931508615,-0.08794106074247503,-0.031870119818275616,0.002535494982140586
1.5586253499204696,-0.34013616324871243,0.070081326270000008,0.34750753387435451,0.12337343394756317,-0.37179219722747803,0.27749595046043396,0.032945178441441757,0.039897857931508615,-0.059751998382317914,-0.021654431190804055,0.001606361493296856
1.4063904509507048,-0.37901740323326216,0.07065558274,0.33953767354815478,0.13302217423915863,-0.39225694537162781,0.27568423748016357,0.45661430392139835,0.42343651277309996,-0.05505885500128169,-0.021676239177571464,0.02293704573638673
1.4279885151296108,-0.37165300978694105,0.099815626290000015,0.34848832094938098,0.14607715606689453,-0.38371464610099792,0.25141993165016174,0.39367403099646858,0.37534046485566486,-0.08156438698709277,-0.03209477006421589,0.030303148391844448
1.4267303754687037,-0.37402252492812182,0.1299141838,0.34797089784680796,0.16204462945461273,-0.37932994961738586,0.22600167989730835,0.39895638028243818,0.37834646785050463,-0.1074894176911447,-0.04231691567741686,0.04170403095408866
1.4267303754687037,-0.37379968912072897,0.15988440860000003,0.34790911598381419,0.17692151665687561,-0.37484785914421082,0.2008226215839386,0.39891776661806705,0.37807319485097374,-0.1334558607671455,-0.052527529859038455,0.05264712203833613
1.4267303754687037,-0.37379968912072897,0.18988185549000003,0.3478859477851915,0.19257541000843048,-0.36995947360992432,0.17552879452705383,0.3989100438851928,0.37807319485097374,-0.15944368596996444,-0.06275056773535194,0.06360013516199417
1.4267303754687037,-0.3735249137367514,0.21986763577000001,0.34789367051806569,0.20825652778148651,-0.36503276228904724,0.15028071403503418,0.39891776661806705,0.37793655835120826,-0.18541878701383913,-0.07297449492871538,0.07455190261720149
1.511235422692967,-0.16244063675840034,0.21994152430000002,0.140723638434119,0.17329634726047516,-0.38501974940299988,0.13143453001976013,0.39969003990548951,0.38982393383080161,-0.1953684315906587,-0.030046144420814186,0.07878247986070179
1.5118644925234206,-0.16062150406227915,0.19010352108000003,0.14012126526992949,0.16288110613822937,-0.38687378168106079,0.15886631608009338,0.39925756686453295,0.3900972068303325,-0.1681979078400261,-0.02574832588762644,0.06721712121841307
1.5118644925234206,-0.16026504993816096,0.16009311129000001,0.13999770154394192,0.15247476100921631,-0.38834011554718018,0.18724563717842102,0.39923439866591026,0.38996057033056702,-0.14082258248007462,-0.02153837876015444,0.055664290017905106
1.5118644925234206,-0.16016117078499156,0.13007751634,0.13995136514669657,0.14140504598617554,-0.39070281386375427,0.21464791893959045,0.39923439866591026,0.39023384333009792,-0.11343879826378375,-0.0173444513967091,0.04410870597780231
1.5116548025799361,-0.15999781330471044,0.10008006945,0.1399281969480739,0.13056917488574982,-0.3924633264541626,0.24301826953887939,0.39922667593303601,0.39023384333009792,-0.08607106235266998,-0.013158654980492089,0.03256166027238167
1.5120741824669053,-0.15983445582442932,0.070080029980000014,0.13992047421519965,0.12077090889215469,-0.39403098821640015,0.27083304524421692,0.39921895320016182,0.39023384333009792,-0.05870080559751658,-0.008972682356777562,0.02101390974331368
1.5986761291260139,0.062248791102102768,0.070008734030000005,-0.064747392417498287,0.1102464571595192,-0.39930111169815063,0.26806432008743286,0.39941202152201744,0.39474284782235747,-0.05909842715196869,0.004161452979847977,0.021148642281273684
1.6003536486738899,0.066615458082187648,0.099907662880000012,-0.068222622210899322,0.11477436125278473,-0.40110757946968079,0.23791816830635071,0.39928073506315559,0.39269330032587585,-0.08656998496756677,0.006423368881446608,0.03275020407034583
1.6003536486738899,0.066912433879194017,0.12989344316000001,-0.068323017738264241,0.11962728947401047,-0.40190109610557556,0.20922656357288361,0.39926528959740715,0.39282993682564127,-0.11413270018719746,0.008479891379944478,0.04437699255573869
1.600773028560859,0.067016313032363412,0.1598714457,-0.068400245067006482,0.12483116984367371,-0.40289676189422607,0.17995288968086243,0.39926528959740715,0.39310320982517216,-0.14168750282348194,0.010539819006525557,0.05600079421299474
1.6003536486738899,0.067016313032363412,0.18985981856000003,-0.068469749662874502,0.12968729436397552,-0.40420147776603699,0.15016989409923553,0.39926528959740715,0.39310320982517216,-0.16925183974924166,0.01260074995734098,0.06763101650557433
1.6003536486738899,0.067179670512644576,0.21986763577000001,-0.068485195128622958,0.13493232429027557,-0.40534135699272156,0.12063602358102798,0.39926528959740715,0.39310320982517216,-0.19683440735749202,0.014657159680513067,0.07926897812567851
1.6871652852764829,0.2923050983880579,0.21987670980000001,-0.27670551888346417,0.09551934152841568,-0.42477545142173767,0.11928792297840118,0.3988019256249537,0.37875637734980089,-0.18977982668392157,0.05849232835367911,0.07634388881871346
1.6873749752199676,0.29314408620249238,0.19011518769000002,-0.27709937826004966,0.095955617725849152,-0.42087239027023315,0.14866818487644196,0.39899499394680932,0.37902965034933184,-0.16336603438963612,0.05043169135865606,0.06524793382495576
1.6873749752199676,0.29322576494263292,0.16009959274000002,-0.27719977378741456,0.095828048884868622,-0.4172254204750061,0.1780279129743576,0.3990336076111804,0.37902965034933184,-0.13675725062741576,0.04223507320646579,0.05403547462479114
1.6873749752199676,0.29338912242291409,0.13005807199000002,-0.27724611018465989,0.096440382301807404,-0.41316628456115723,0.207938551902771,0.39904905307692884,0.37902965034933184,-0.11013056204663593,0.03401917536669698,0.04281007500901478
1.6869555953329984,0.2936341586433357,0.10006969913000001,-0.27726927838328258,0.09686819463968277,-0.40931078791618347,0.23749405145645142,0.39904905307692884,0.37902965034933184,-0.0835534798029922,0.02581173214581042,0.031602951099015605
1.6873749752199676,0.29379751612361682,0.070068363370000011,-0.27727700111615677,0.098036415874958038,-0.4047795832157135,0.26745444536209106,0.39905677580980309,0.37902965034933184,-0.056964517977793144,0.017601168654747135,0.020391680040938606
1.7630730448178806,0.51026244885623018,0.069960771300000002,-0.48405317382351803,0.086191229522228241,-0.40993931889533997,0.26936185359954834,0.39314888516102137,0.34705670940421873,-0.0523506707236447,0.02980400652916945,0.018423113454151017
1.7676862235745403,0.51262317773122712,0.099912848040000016,-0.48588346151470924,0.079359233379364014,-0.41690868139266968,0.241197869181633,0.39909538947417422,0.34896962040093493,-0.07658676575658319,0.043905237405827253,0.028987389351963183
1.7676862235745403,0.51311325017207055,0.12989214687,-0.48602247070644528,0.074081972241401672,-0.42352756857872009,0.21253618597984314,0.39899499394680932,0.34896962040093493,-0.10100947186354402,0.05792042007720921,0.03927541339764569
1.7676862235745403,0.51319492891221108,0.15988051973,-0.48614603443243287,0.067136548459529877,-0.43040412664413452,0.18407806754112244,0.39897954848106082,0.34896962040093493,-0.1254348608041363,0.07194512830038076,0.04957122428627073
1.7676862235745403,0.51335828639249215,0.18984944824000002,-0.48618464809680401,0.061171993613243103,-0.43690648674964905,0.15565691888332367,0.39894865754956393,0.34896962040093493,-0.14984918839156364,0.08595359572451579,0.059858779098955574
1.7676862235745403,0.51324686848879586,0.21985985803000002,-0.48623870722692358,0.056241441518068314,-0.44336563348770142,0.12713412940502167,0.39895638028243818,0.34910625690070035,-0.17429281704087748,0.09998639815245972,0.07016353730504298
1.835206385376557,0.7292480875791163,0.21985856174000001,-0.69533942252942638,0.018517317250370979,-0.46002435684204102,0.14244945347309113,0.3966086694886739,0.30237657398091972,-0.15140665222160865,0.13696721860800518,0.060574159799795524
1.8370935948679179,0.72899551260816775,0.19011907656000002,-0.69556338178277888,0.029023824259638786,-0.45156615972518921,0.16813839972019196,0.3984544026456136,0.30278648348021603,-0.1302207045723039,0.11794984550837942,0.05197962248358301
1.8370935948679179,0.72882461637735951,0.16007755581000002,-0.6957332819060118,0.041155561804771423,-0.44236168265342712,0.19442205131053925,0.39853162997435582,0.3031963929795124,-0.10894604350001419,0.09871851605111637,0.0430295684505472
1.8370935948679179,0.72882461637735951,0.13006714602000002,-0.69578734103613138,0.051504727452993393,-0.43325373530387878,0.22120192646980286,0.39853935270723007,0.3031963929795124,-0.08771166127554937,0.07948839056163705,0.03408924273405702
1.8370935948679179,0.72882461637735951,0.10007229171000001,-0.69584140016625096,0.063227102160453796,-0.42435416579246521,0.24678903818130493,0.39854707544010426,0.3031963929795124,-0.06649033699205761,0.06026574599671439,0.025154029411283887
1.8370935948679179,0.7289879738576408,0.070067067080000003,-0.69586456836487365,0.07467370480298996,-0.41484063863754272,0.27366253733634949,0.39854707544010426,0.3031963929795124,-0.04526502472939403,0.04103248098532024,0.016216348576708492
2.1426118425248699,0.83860309670294519,0.070980951530000003,-0.66519759612132812,0.083098948001861572,-0.43165034055709839,0.27839604020118713,0.79968898912594799,0.59026967898670279,-0.036388385787701504,0.04100492208801687,0.03133249325119299
2.1252075772156545,0.86034591294045804,0.099819515160000011,-0.6971310965562465,0.072975315153598785,-0.44612741470336914,0.25481569766998291,0.76142284773416558,0.55829673804158964,-0.05267083811018705,0.06097190285887014,0.044542149124827714
2.1264657168765613,0.85923173390349383,0.12991159122000001,-0.69608080488535196,0.066142678260803223,-0.46221843361854553,0.23148730397224426,0.76428025889762863,0.55966310303924405,-0.06925411012437799,0.08019912342133993,0.06070407435031915
2.1264657168765613,0.85897915893254506,0.15989218634000002,-0.69602674575523238,0.056773565709590912,-0.47894197702407837,0.20766294002532959,0.76431887256199971,0.56007301253854036,-0.0858624551174083,0.09941701263533587,0.07662790894156558
2.1264657168765613,0.85897915893254506,0.18985463340000003,-0.69602674575523238,0.049739498645067215,-0.49495053291320801,0.18414181470870972,0.76431887256199971,0.56007301253854036,-0.10245997246209466,0.11862823006765619,0.09254016134605723
2.1264657168765613,0.85897915893254506,0.21986633948000003,-0.69604219122098088,0.041186422109603882,-0.51137799024581909,0.16032856702804565,0.7643265952948739,0.56007301253854036,-0.11908240161789083,0.13787351845400045,0.10847801982281133
2.0010711306728157,0.64477373192283505,0.22040300354000003,-0.48882582273978881,0.081831149756908417,-0.50277113914489746,0.14770795404911041,0.76967072644383727,0.66459993485910229,-0.1371533894280157,0.10160465727106831,0.12580387587892508
1.9962482619726718,0.6444549715513519,0.19011648398000003,-0.48857869528781361,0.083498954772949219,-0.48711782693862915,0.17271173000335693,0.76543866882876233,0.6626870238623862,-0.11843516305312882,0.0873212446389085,0.10672799241560696
1.9966676418596407,0.64423255158251125,0.16011255564000001,-0.48847057702757446,0.086556367576122284,-0.47179967164993286,0.19828870892524719,0.76535371876714586,0.66145729536449727,-0.09934324570272436,0.07322569545402648,0.08838009175270856
1.9966676418596407,0.64382415788180847,0.13006973860000001,-0.48840879516458069,0.08774682879447937,-0.45735272765159607,0.22316928207874298,0.76534599603427156,0.66145729536449727,-0.08021521440587047,0.059120658672819695,0.0700026382737699
1.9966676418596407,0.64366080040152729,0.100073588,-0.48837790423308375,0.090216659009456635,-0.44195225834846497,0.24954995512962341,0.76532282783564887,0.66145729536449727,-0.061115156716165804,0.04504326117228091,0.05165091600626258
1.9966676418596407,0.64355692124835795,0.070076141110000004,-0.48836245876733531,0.093391411006450653,-0.42632752656936646,0.27571174502372742,0.76532282783564887,0.66118402236496632,-0.04201168843283779,0.030967716875954836,0.033301812115312183
1.8465296423247215,0.40579780841947055,0.070349658300000006,-0.28928585073557589,0.10418132692575455,-0.42345881462097168,0.27384692430496216,0.77891483769428405,0.74070646522845274,-0.04573702297701633,0.01913623122703987,0.03684609192075778
1.8316416563373203,0.38621919039152541,0.099885625950000015,-0.28033520333434969,0.1075933575630188,-0.43574264645576477,0.247109055519104,0.76529193690415198,0.73346473074088425,-0.06686078812936658,0.02670039937654825,0.0560637970465817
1.8308028965633822,0.38633060829522192,0.12988825800000001,-0.27994906669063846,0.11098418384790421,-0.44898605346679688,0.22061075270175934,0.76536916423289425,0.73332809424111878,-0.08765910331897839,0.03495207230559992,0.07605410897604066
1.8305932066198978,0.38608557207480021,0.15988051973,-0.279864116629022,0.11498178541660309,-0.46206489205360413,0.19397184252738953,0.76540005516439114,0.73332809424111878,-0.10844538539352154,0.04322575985067546,0.0960298685792109
1.8310125865068665,0.38608557207480021,0.18985204082000001,-0.27981005749890242,0.1190769150853157,-0.4750080406665802,0.16738557815551758,0.76540777789726533,0.73332809424111878,-0.1292171938330783,0.05149774190868653,0.11598998135603633
1.8310125865068665,0.38600389333465968,0.21984430255000001,-0.27977916656740554,0.12276717275381088,-0.48816385865211487,0.14092545211315155,0.76540777789726533,0.73332809424111878,-0.15000471154205827,0.05977465234478009,0.13596272691513434
1.6422916373707948,0.11094556475770745,0.22007893104000001,-0.075049518071713783,0.16294877231121063,-0.47126221656799316,0.14248180389404297,0.7668673744104938,0.76543767168599741,-0.15587895959211015,0.016273538868320017,0.14147396479576635
1.6383075284445887,0.10583625036583044,0.19009833592000003,-0.071288547161966448,0.15475386381149292,-0.45981597900390625,0.1686231791973114,0.76577074634235398,0.7678971286817754,-0.1345229899079659,0.013321479250057599,0.1205952964598123
1.63788814855762,0.10574744871371511,0.16009700016,-0.071056865175739711,0.14348827302455902,-0.44972887635231018,0.19548854231834412,0.7657166872122344,0.76680403668365171,-0.11295914896236632,0.011146903668692839,0.09985996356772661
1.63788814855762,0.10577718787727097,0.13008010892000002,-0.070964192381249014,0.13571883738040924,-0.43840703368186951,0.22153179347515106,0.76569351901361171,0.76666740018388635,-0.09137752279092766,0.009004497753524058,0.07910877013809706
1.63788814855762,0.10553215165684926,0.10007747687000002,-0.070910133251129451,0.12571108341217041,-0.42843273282051086,0.24716359376907349,0.76567035081498902,0.76666740018388635,-0.0698047084029286,0.006872154740400815,0.058366732573970945
1.6383075284445887,0.10553215165684926,0.070077437400000012,-0.07087151958675833,0.11665737628936768,-0.41770833730697632,0.27332669496536255,0.76567035081498902,0.76666740018388635,-0.04823144861609849,0.004746805693340695,0.03762839276657702
1.4544094480086609,-0.15774733530263418,0.070011326610000008,0.12004215979694578,0.1267879456281662,-0.41200181841850281,0.27669224143028259,0.76458916821259759,0.76379803368881205,-0.04795732902015376,-0.008028912572114806,0.03733945490935703
1.4386827022473216,-0.18408433586487383,0.099902477720000007,0.13703217212023969,0.1428433358669281,-0.41909331083297729,0.25203186273574829,0.76498302758918302,0.76133857669303417,-0.06918104451003275,-0.013234840569212033,0.057786221583662145
1.4372148726429299,-0.18458194705624423,0.12990251719000001,0.1374105860310767,0.15718521177768707,-0.42685246467590332,0.22715207934379578,0.76504480945217679,0.7617484861923306,-0.09060860720849487,-0.017387173259114014,0.07836465788464224
1.4372148726429299,-0.18458194705624423,0.15989089005000001,0.13761137708580654,0.17190113663673401,-0.43459406495094299,0.20202040672302246,0.76508342311654798,0.7617484861923306,-0.11202985475530194,-0.021524814151977212,0.09893934025396887
1.4372148726429299,-0.18480478286363702,0.18985981856000003,0.13772721807891991,0.1870538741350174,-0.44199261069297791,0.17740161716938019,0.76510659131517067,0.76202175919186133,-0.1334378286590075,-0.02565650624060978,0.11949815095200587
1.4372148726429299,-0.18480478286363702,0.21986115432000003,0.1377581090104168,0.20122164487838745,-0.44981735944747925,0.15251895785331726,0.76512975951379325,0.76202175919186133,-0.15486915442080598,-0.02978179475474635,0.14008376479495074
1.2562524514157853,-0.4510507547413542,0.21979763611000003,0.34307468520454965,0.23486725986003876,-0.42590442299842834,0.17030785977840424,0.76270482139128681,0.71911789826551298,-0.14717406349207246,-0.07273773520874821,0.13275797366022352
1.2520586525460948,-0.45808266514396961,0.19010611366000002,0.34634140121034657,0.21603891253471375,-0.42188459634780884,0.19278502464294434,0.76462778187696867,0.7195278077648094,-0.12658070229422214,-0.06332807443089006,0.11353772175416925
1.2518489626026104,-0.45843158051756072,0.16008403726000001,0.34659625139519601,0.1971232146024704,-0.41738981008529663,0.21525481343269348,0.76465095007559136,0.71925453476527845,-0.10618957605910771,-0.053174162040793956,0.09398395243897831
1.2516392726591259,-0.45875829547812297,0.13006973860000001,0.34673526058693205,0.17707192897796631,-0.41355088353157043,0.23732273280620575,0.76466639554133986,0.71925453476527845,-0.08581252140652502,-0.04299535000321391,0.07443819364213909
1.2520586525460948,-0.4588399742182635,0.10008266203000001,0.34678159698417738,0.15790928900241852,-0.40919440984725952,0.25975099205970764,0.76469728647283675,0.71925453476527845,-0.06545963180329781,-0.03280667497186647,0.05491459605305491
1.2520586525460948,-0.45894385337143295,0.07008391885000001,0.34681248791567426,0.13871762156486511,-0.40483543276786804,0.2820034921169281,0.76469728647283675,0.71898126176574773,-0.04510095197636113,-0.022612790453826633,0.03538414098374471
0.97380009754213115,-0.66131713094411138,0.072135945920000014,0.30660794057246149,0.14480191469192505,-0.42122542858123779,0.29295855760574341,1.1468181090894654,1.0521010481938913,-0.02934849110721079,-0.022661053860588056,0.04913624530675428
0.94381443562384415,-0.69905946961906129,0.099736552600000014,0.3456849689160375,0.16637405753135681,-0.43007746338844299,0.27820950746536255,1.1280364227393516,1.0228608372440873,-0.04084742723661139,-0.0344026637392505,0.0714661116360964
0.93836249709324648,-0.70202293635425472,0.1299141838,0.34621011475148478,0.18829967081546783,-0.44236046075820923,0.26204410195350647,1.1307239337795816,1.0255935672393961,-0.05271276459170796,-0.04471816371647876,0.0972169655359553
0.93836249709324648,-0.70194125761411419,0.15988181602000001,0.34635684667609501,0.210463747382164,-0.45450896024703979,0.24543166160583496,1.130808883841198,1.0255935672393961,-0.06470770507087345,-0.0549074702028833,0.12271889705998158
0.93773342726279296,-0.70218629383453579,0.18987407775000001,0.34645724220345997,0.23214992880821228,-0.46634221076965332,0.22988387942314148,1.1308552202384434,1.0255935672393961,-0.07671072479387105,-0.06510939589493155,0.14824091102761752
0.93794311720627743,-0.70218629383453579,0.21986374690000002,0.34651130133357955,0.25456225872039795,-0.47811686992645264,0.21398384869098663,1.1308861111699402,1.0255935672393961,-0.08871789230475156,-0.07530211931507902,0.1737617395055445
1.2570912111897234,-0.35400598866226773,0.22065318751000002,0.14889428981504854,0.22540190815925598,-0.50343221426010132,0.19885754585266113,1.1385547849140452,1.1108547430930309,-0.09350729646476454,-0.03350549454599991,0.18417384211673812
1.2788989653121141,-0.33045194066112549,0.19007111383000003,0.14053057011226341,0.20513263344764709,-0.48807141184806824,0.21560938656330109,1.1323070940187976,1.1077121035984256,-0.08197387902224389,-0.027326445036688834,0.15644490653512674
1.2805764848599903,-0.32964227617169461,0.16009311129000001,0.14013671073567796,0.18684303760528564,-0.4726279079914093,0.23408132791519165,1.1322607576215522,1.1066190116003023,-0.06938576885085274,-0.023056801456651177,0.1295854682444798
1.2805764848599903,-0.32947891869141344,0.13007233118,0.13996681061244501,0.16896952688694,-0.45700564980506897,0.25248250365257263,1.1322066984914327,1.1066190116003023,-0.05677048871630019,-0.018843764905222903,0.1026716403853695
1.2807861748034748,-0.32923388247099178,0.10008266203000001,0.13990502874945121,0.15120516717433929,-0.44159385561943054,0.27025151252746582,1.1321603620941874,1.1066190116003023,-0.044164058049494435,-0.014652991103729142,0.07578468260719609
1.2807861748034748,-0.32931556121113231,0.070076141110000004,0.13988958328370277,0.13417401909828186,-0.42542251944541931,0.28887665271759033,1.132144916628439,1.1066190116003023,-0.03154557360293406,-0.010467828263822525,0.04888385432099109
1.622371092739765,0.047943515653658064,0.070166881410000007,-0.022697111917345834,0.12401170283555984,-0.43136456608772278,0.28596404194831848,1.1385470621811711,1.1340829480531558,-0.031938268103697744,0.0017509558437102434,0.0495710749755257
1.7033114109247913,0.14152723063447453,0.099892107400000013,-0.061619685603437363,0.13361279666423798,-0.45036605000495911,0.26667642593383789,1.1310714567589217,1.1262946675665257,-0.04481706206466266,0.006515521210697146,0.07613564029784226
1.7169412572512852,0.15438136367720307,0.12990899864000002,-0.06772836730694895,0.14566013216972351,-0.46926796436309814,0.24715143442153931,1.131496207067004,1.1231520280719205,-0.05748677487723694,0.009194925750317967,0.10325011032923942
1.7192478466296153,0.15566602310642313,0.15988440860000003,-0.068037276621917928,0.15844154357910156,-0.4882175624370575,0.22670076787471771,1.1315657116628721,1.1228787550723895,-0.07019257148034955,0.011287993556349534,0.13032143354624076
1.7194575365730997,0.15596299890342946,0.18986500372000001,-0.068230344943773544,0.17006441950798035,-0.50706321001052856,0.20729462802410126,1.1315888798614948,1.1230153915721552,-0.08290699988588222,0.01336233846429683,0.1573918525649682
1.7194575365730997,0.15612635638371058,0.21985467287000002,-0.068323017738264241,0.18219462037086487,-0.52574008703231812,0.18816196918487549,1.1316043253272432,1.1230153915721552,-0.09562604375256983,0.015426307906127775,0.18447223809928007
2.0801242393664814,0.55892388964904427,0.21954226698000001,-0.26566973360619733,0.14252729713916779,-0.54008358716964722,0.18502010405063629,1.1262756396440283,1.0601626016800523,-0.09228895968183543,0.05844986313651418,0.17763917259713247
2.1027707532628099,0.58720064291583729,0.19009703963000002,-0.2763039367740045,0.13269688189029694,-0.52155101299285889,0.20480690896511078,1.1309324475671856,1.0563367796866201,-0.07902975034483878,0.05269120621131977,0.15189698232303317
2.1044482728106866,0.58686638920474787,0.16011514822,-0.27655878695885394,0.12703894078731537,-0.5002129077911377,0.22546182572841644,1.1310637340260474,1.0567466891859165,-0.06671852577623143,0.04455926404742856,0.12579282168598266
2.1048676526976555,0.58686638920474787,0.13006325715,-0.27668235068484148,0.11990710347890854,-0.47970777750015259,0.24499334394931793,1.1311332386219155,1.0567466891859165,-0.0544010442737033,0.03637033806092944,0.09963292280059215
2.1048676526976555,0.58702974668502916,0.10006321768000001,-0.27674413254783531,0.11356434971094131,-0.45853352546691895,0.2656434178352356,1.1311486840876639,1.0567466891859165,-0.04211586664775272,0.028180468242442955,0.07351756859002613
2.1048676526976555,0.58702974668502916,0.070068363370000011,-0.27675957801358375,0.10707393288612366,-0.43731462955474854,0.28617393970489502,1.1311641295534123,1.0567466891859165,-0.02983444367244231,0.019985873318117783,0.04740810269357892
2.3086862777646133,0.84486747645137061,0.069109108770000011,-0.47117165538931155,0.095088645815849304,-0.43895760178565979,0.28738746047019958,1.1026440770489012,0.9217498274176612,-0.027514538265167313,0.031131344066794454,0.04252596860820329
2.353350235726817,0.88598079022852472,0.09997506996000001,-0.48316505954298222,0.09493786096572876,-0.46284264326095581,0.26851183176040649,1.1289322597527616,0.92461919391273562,-0.037664736228283494,0.04628163093682055,0.06757222192750505
2.359431244087868,0.88863932657763289,0.12989862832000001,-0.48491039717255696,0.09543292224407196,-0.48537358641624451,0.24859896302223206,1.1306080927864681,0.9236627384143774,-0.048763181691685004,0.06039219897992262,0.0915210623199204
2.3592215541443835,0.88877294489435799,0.15987533457000003,-0.48505712909716725,0.095588371157646179,-0.50767022371292114,0.22848133742809296,1.1307471019782043,0.92379937491414288,-0.060045257158544106,0.07438345799257864,0.11551051329375692
2.359431244087868,0.88901798111477981,0.18985722598000002,-0.48516524735740635,0.096967130899429321,-0.53013962507247925,0.2075493186712265,1.1308552202384434,0.92379937491414288,-0.07132246864368354,0.08838076009499328,0.1395066080027928
2.359431244087868,0.88926301733520141,0.21984948771000001,-0.48524247468614862,0.09716314822435379,-0.55211019515991211,0.1888500303030014,1.1308783884370661,0.92379937491414288,-0.0826144286677597,0.10238202729817607,0.1635060785858924
2.504536684979159,1.0907490698213902,0.21901078808000002,-0.69439724911877099,0.055589482188224792,-0.55385380983352661,0.19711297750473022,1.1228853599122437,0.76475448918717026,-0.07185367571185951,0.13826137652543347,0.14089304843154357
2.5135533525489935,1.0926054804315941,0.19012555801000003,-0.6943740809201483,0.060984533280134201,-0.53265625238418579,0.2169046550989151,1.1304304699303611,0.76448121618763931,-0.06127753629601058,0.11979963542800308,0.12135738148920386
2.5139727324359624,1.0928576395639908,0.16010866677000002,-0.69440497185164529,0.066419273614883423,-0.5105862021446228,0.23427078127861023,1.130561756389223,0.76557430818576278,-0.051428125348831843,0.10059633713297036,0.10048545779858073
2.5139727324359624,1.0930209970442717,0.13008010892000002,-0.69442814005026787,0.072397172451019287,-0.48782622814178467,0.25330281257629395,1.1306235382522167,0.76557430818576278,-0.041589067251509945,0.08138220724062997,0.07961152605164774
2.5139727324359624,1.0932660332646935,0.10007747687000002,-0.69444358551601637,0.077522695064544678,-0.4652697741985321,0.27201566100120544,1.1306158155193424,0.76557430818576278,-0.031765743557303695,0.06218308475329373,0.05875343435100859
2.5141824223794469,1.0932660332646935,0.070087807720000006,-0.69443586278314218,0.083054035902023315,-0.44281396269798279,0.29032561182975769,1.1306080927864681,0.76557430818576278,-0.02194583911389804,0.04299113139617479,0.03790594978844572
